{
  "test/integration/arrangements/FLP-dbg.js": 1625870864848,
  "test/integration/NavigationJourney.js": 1625870864848,
  "test/unit/model/models.js": 1625870864852,
  "test/unit/model/formatter.js": 1625870864852,
  "test/unit/helper/FakeI18nModel.js": 1625870864852,
  "test/integration/pages/App.js": 1625870864848,
  "test/integration/arrangements/Startup.js": 1625870864848,
  "test/integration/arrangements/FLP.js": 1625870864848,
  "test/unit/unitTests.qunit.js": 1625870864852,
  "test/unit/AllTests.js": 1625870864848,
  "test/integration/opaTests.qunit.js": 1625870864848,
  "manifest.json": 1625870864844,
  "test/integration/AllJourneys.js": 1625870864844,
  "test/testsuite.qunit.js": 1625870864848,
  "test/initFlpSandbox.js": 1625870864844,
  "test/flpSandbox.js": 1625870864844,
  "model/models.js": 1625870864844,
  "model/formatter.js": 1625870864844,
  "controller/Worklist.controller.js": 1625870864840,
  "controller/Object.controller.js": 1625870864840,
  "controller/NotFound.controller.js": 1625870864840,
  "controller/ErrorHandler.js": 1625870864836,
  "controller/BaseController.js": 1625870864836,
  "controller/App.controller.js": 1625870864836,
  "Component.js": 1625870864836,
  "manifest-bundle.zip": 1625977529532,
  "Component-preload.js": 1625977529754,
  "test/integration/AllJourneys-dbg.js": 1625870864844,
  "test/unit/model/formatter-dbg.js": 1625870864852,
  "test/unit/helper/FakeI18nModel-dbg.js": 1625870864852,
  "test/integration/pages/App-dbg.js": 1625870864848,
  "test/integration/arrangements/Startup-dbg.js": 1625870864848,
  "i18n/i18n.properties": 1625870864840,
  "test/unit/unitTests.qunit-dbg.js": 1625870864852,
  "test/unit/AllTests-dbg.js": 1625870864848,
  "test/integration/opaTests.qunit-dbg.js": 1625870864848,
  "test/integration/NavigationJourney-dbg.js": 1625870864848,
  "test/unit/model/models-dbg.js": 1625870864852,
  "test/testsuite.qunit-dbg.js": 1625870864848,
  "test/initFlpSandbox-dbg.js": 1625870864844,
  "test/flpSandbox-dbg.js": 1625870864844,
  "model/models-dbg.js": 1625870864844,
  "model/formatter-dbg.js": 1625870864844,
  "controller/Worklist-dbg.controller.js": 1625870864840,
  "controller/Object-dbg.controller.js": 1625870864840,
  "controller/NotFound-dbg.controller.js": 1625870864840,
  "controller/ErrorHandler-dbg.js": 1625870864836,
  "controller/BaseController-dbg.js": 1625870864836,
  "controller/App-dbg.controller.js": 1625870864836,
  "Component-dbg.js": 1625870864836,
  "test/unit/unitTests.qunit.html": 1625870864852,
  "test/integration/opaTests.qunit.html": 1625870864848,
  "view/Worklist.view.xml": 1625870864856,
  "view/ObjectNotFound.view.xml": 1625870864856,
  "view/Object.view.xml": 1625870864856,
  "view/NotFound.view.xml": 1625870864856,
  "view/App.view.xml": 1625870864852,
  "test/testsuite.qunit.html": 1625870864848,
  "test/flpSandbox.html": 1625870864844,
  "localService/metadata.xml": 1625870864836,
  "test.html": 1625870864852,
  "index.html": 1625871155422
}